{"cameraMode":{"drawMode":0,"name":"Shaded","section":"Shading Mode"},"sceneLighting":false,"audioPlay":false,"sceneViewState":{"showFog":false,"showMaterialUpdate":false,"showSkybox":false,"showFlares":false,"showImageEffects":false,"showParticleSystems":false},"in2DMode":false,"pivot":{"x":-36.563079833984378,"y":-45.018680572509769,"z":3.3892860412597658},"rotation":{"x":0.8169816732406616,"y":-0.03871646523475647,"z":0.05523018166422844,"w":0.5727056860923767},"size":83.13207244873047,"orthographic":true}