{"cameraMode":{"drawMode":0,"name":"Shaded","section":"Shading Mode"},"sceneLighting":false,"audioPlay":false,"sceneViewState":{"showFog":false,"showMaterialUpdate":false,"showSkybox":false,"showFlares":false,"showImageEffects":false,"showParticleSystems":false},"in2DMode":false,"pivot":{"x":1.4935302734375,"y":459.0857849121094,"z":622.03515625},"rotation":{"x":0.8169816732406616,"y":-0.03871646523475647,"z":0.05523018166422844,"w":0.5727056860923767},"size":18051.30078125,"orthographic":true}