{"cameraMode":{"drawMode":0,"name":"Shaded","section":"Shading Mode"},"sceneLighting":false,"audioPlay":false,"sceneViewState":{"showFog":false,"showMaterialUpdate":false,"showSkybox":false,"showFlares":false,"showImageEffects":false,"showParticleSystems":false},"in2DMode":false,"pivot":{"x":-0.19682665169239045,"y":-0.6579725742340088,"z":0.04704919457435608},"rotation":{"x":0.775787353515625,"y":-0.024574223905801774,"z":0.03027106449007988,"w":0.6297886967658997},"size":8.669769287109375,"orthographic":false}